candidate_id,learning_rate,max_iter,max_leaf_nodes,min_samples_leaf,l2_regularization,rank_roc_auc,validation_roc_auc_mean,validation_roc_auc_std,train_roc_auc_mean,train_roc_auc_std,roc_auc_generalization_gap,rank_average_precision,validation_average_precision_mean,validation_average_precision_std,train_average_precision_mean,train_average_precision_std,average_precision_generalization_gap,rank_f1,validation_f1_mean,validation_f1_std,train_f1_mean,train_f1_std,f1_generalization_gap,rank_precision,validation_precision_mean,validation_precision_std,train_precision_mean,train_precision_std,precision_generalization_gap,rank_recall,validation_recall_mean,validation_recall_std,train_recall_mean,train_recall_std,recall_generalization_gap,rank_accuracy,validation_accuracy_mean,validation_accuracy_std,train_accuracy_mean,train_accuracy_std,accuracy_generalization_gap,rank_balanced_accuracy,validation_balanced_accuracy_mean,validation_balanced_accuracy_std,train_balanced_accuracy_mean,train_balanced_accuracy_std,balanced_accuracy_generalization_gap,mean_fit_time,std_fit_time,mean_score_time,std_score_time,fold_1_roc_auc,fold_1_average_precision,fold_2_roc_auc,fold_2_average_precision,fold_3_roc_auc,fold_3_average_precision,fold_4_roc_auc,fold_4_average_precision,fold_5_roc_auc,fold_5_average_precision
candidate_001,0.05,700,63,10,10.0,2,0.8899809702807033,0.0027670479399247894,0.9882958875710794,0.0007851066443544484,0.09831491729037611,3,0.5855421782127997,0.011915569524800171,0.9547773335531117,0.003835343087148292,0.3692351553403119,7,0.3945524686510084,0.008538283469430497,0.8337122858585297,0.014805811642535872,0.43915981720752134,12,0.7970896483903064,0.021620001818028454,0.9876335490851179,0.000977732926578198,0.19054390069481153,7,0.2622207005408417,0.00651833880202371,0.7215609222862521,0.021679150879739924,0.45934022174541045,4,0.9191375,0.001123192993211759,0.9711140625000001,0.0022093805250991343,0.051976562500000045,7,0.627372216458795,0.0033412535333903785,0.860276716036344,0.010856230156937827,0.232904499577549,101.1908251285553,3.8662231437366645,12.76231608390808,0.6006056526291932,0.8858706703935516,0.5773660140676559,0.8901845856190759,0.5771614219028967,0.8944555013806731,0.6062069308520094,0.888934127047503,0.5752012812235197,0.8904599669627128,0.5917752430179171
candidate_002,0.1,700,15,10,0.1,4,0.8881408325554199,0.002494578283316946,0.9632535073499323,0.0025189971021715284,0.07511267479451245,4,0.5814777935666745,0.009067591073413693,0.8388192843468023,0.01036950546626792,0.2573414907801278,3,0.41467422763751205,0.0053717264920342825,0.6319550879220456,0.014172373564689398,0.21728086028453353,16,0.7768402564792274,0.010920521366530505,0.9429898070570244,0.004467853193668171,0.166149550577797,2,0.28287025216065864,0.005112442422365115,0.4753390529839159,0.01519860378161401,0.19246880082325724,2,0.9197625,0.0005578278184171235,0.9443953125,0.0016314669994555594,0.024632812499999934,2,0.6368909961751062,0.0024220517378863667,0.736067096076641,0.007654043415036816,0.09917609990153475,35.49681715965271,2.169778957311289,5.046162080764771,0.23788780742437915,0.885064327665475,0.5774011275228466,0.8889294282624627,0.5753561970439975,0.8924857239995132,0.597803779709484,0.8872430488434703,0.5724264211227947,0.886981634006178,0.5844014424342501
candidate_003,0.05,150,15,10,10.0,19,0.8521873074754562,0.0037880330088516717,0.8889108316837099,0.0006359468916752063,0.036723524208253644,19,0.49058725205729575,0.010162761054068659,0.6005038156764867,0.002898019295186957,0.10991656361919094,19,0.028418574863103608,0.004238896195467492,0.05248609369981425,0.0020166841998240756,0.024067518836710645,2,0.9493009987470045,0.020728639271862727,0.985211126971195,0.0021561906417604517,0.035910128224190485,19,0.014429466199329943,0.00217678172575811,0.026962304673827032,0.0010640517579803466,0.012532838474497088,19,0.9008875,0.0002143303524935019,0.9021812500000002,0.00010659411188006676,0.0012937500000002045,19,0.5071730439961418,0.0010903554314404677,0.5134585706562014,0.0005318972759021554,0.006285526660059548,13.214748239517212,0.509010038391052,2.5607069969177245,0.09667782478829427,0.8482919569684724,0.4819797073282308,0.8525602721522868,0.4914727221284455,0.8592503475016524,0.5094375160354866,0.8500438438885339,0.4815386253712403,0.8507901168663354,0.4885076894230757
candidate_004,0.1,300,31,50,10.0,5,0.8879029744257082,0.002782024910719818,0.9671938073947706,0.00029058941224950624,0.07929083296906236,5,0.5776577713818183,0.008459507064130395,0.8604148617709695,0.0015892437441193377,0.2827570903891512,6,0.3990766813450232,0.003834065949909028,0.6674347194576407,0.0037854816820555547,0.26835803811261744,14,0.7839954974927484,0.016057056852824728,0.9560606099027001,0.001977497561604321,0.1720651124099517,6,0.2676946333650565,0.0026930692465251746,0.5126725634729634,0.003982462690089853,0.24497793010790692,6,0.9189874999999998,0.0007457169369137519,0.9486625,0.0004760473650278682,0.029675000000000118,6,0.629720082881649,0.0014002564138603582,0.7550204648808969,0.002031539479631116,0.12530038199924787,34.02337489128113,0.22812279028486757,5.204139852523804,0.13027278763386108,0.8850645870022051,0.570177789056505,0.8877615377155297,0.574096398864385,0.8931639614946391,0.5918930300955453,0.8863488543248184,0.5696796092386105,0.8871759315913483,0.5824420296540458
candidate_005,0.05,700,31,20,1.0,3,0.8895069374450373,0.0027351428157301465,0.978154676528673,0.0009726506951630422,0.08864773908363577,2,0.5866461561135164,0.010645704149371441,0.9065689935690511,0.0030149266193559465,0.3199228374555346,5,0.4010735677079822,0.006847784755425923,0.7212978690044101,0.006025491320259704,0.32022430129642787,11,0.7988911870749181,0.013318213175643885,0.9747446949810381,0.000877100952108207,0.17585350790611998,5,0.26775711257089363,0.004920658354733953,0.5724902082522157,0.007582457338931501,0.3047330956813221,3,0.91964375,0.000870210103940408,0.95555,0.0007400643975357655,0.03590625000000003,5,0.6301126285312074,0.0026308804560538496,0.7854165302896312,0.003778602070681181,0.1553039017584238,71.93876833915711,2.484625714670732,9.535182523727418,0.4809809788717644,0.8865636181363901,0.5796124646659605,0.8884144287392644,0.5802869299629372,0.8946180173859719,0.6056282588907795,0.8883185020734294,0.5767521695274124,0.8896201208901298,0.5909509575204924
candidate_006,0.03,300,15,10,0.1,18,0.8592826507384214,0.004090539478809104,0.9001619321686706,0.0005198173176884419,0.040879281430249215,18,0.5101655102184472,0.011395307885647157,0.6360789269593398,0.0017663227989856128,0.12591341674089251,18,0.06908092305920094,0.00616819855380968,0.11656713544910517,0.005039480706296569,0.047486212389904234,3,0.9251648511147025,0.02434654369971422,0.9792770115033278,0.003971160892758102,0.05411216038862532,18,0.035887340126738006,0.003309726612232643,0.06197901903984302,0.00283795564865902,0.026091678913105015,18,0.90283125,0.0003886072889177535,0.905609375,0.00029051577248489607,0.0027781250000000757,18,0.5177838613504244,0.0016860817228127518,0.5309165533247595,0.0014230208768011474,0.013132691974335087,24.662167024612426,1.5930924435689258,4.018605518341064,0.1700176048589893,0.8541441496200042,0.5000387689340723,0.8597456068763133,0.5066792176305365,0.8665848814916525,0.5317623575903841,0.8576007085023741,0.5019153392336938,0.8583379072017623,0.5104318677035494
candidate_007,0.1,150,15,20,0.0,17,0.8704196547644207,0.003465008681639813,0.9179720185007725,0.00034803389103820934,0.047552363736351744,17,0.5369063770179049,0.010473341817421405,0.6849640457774345,0.0027163729156369954,0.14805766875952964,15,0.2025759850396797,0.004407336205491973,0.306546256288318,0.00599726904914979,0.10397027124863831,6,0.8741719986930505,0.009395907040207648,0.946820101210486,0.00363971143616213,0.07264810251743548,15,0.11456610802906153,0.0026993451289776525,0.1828896363218117,0.004154279807577806,0.06832352829275018,15,0.90936875,0.00033738423940663805,0.9168593749999999,0.0004511270608154747,0.007490624999999973,15,0.5563624166880791,0.0013851293210096944,0.5908715910791585,0.0020949246257960692,0.03450917439107948,14.757474899291992,0.4135689712929449,2.996586561203003,0.29748706633795563,0.8661083687152377,0.5299957977851049,0.8707304300046114,0.5321676108946819,0.8766179438411056,0.55670954033097,0.8688139347730498,0.5276896828504334,0.8698275964880988,0.5379692532283341
candidate_008,0.15,150,15,10,0.1,13,0.8766615964966125,0.0034182730933649385,0.9307983417671153,0.0005451243790827422,0.05413674527050283,12,0.550822121319566,0.011345765867013536,0.723517727008359,0.0030462142552184447,0.17269560568879305,13,0.30623161283018385,0.005064079355175005,0.4460097051301853,0.004229347326733114,0.13977809230000143,10,0.8184456118530313,0.017042577478920507,0.9275337203480462,0.0035687166196510397,0.10908810849501482,13,0.18839382016821027,0.004020306871289179,0.2935999600976539,0.0034515126878878373,0.10520613992944361,13,0.9142312499999999,0.0004750000000000219,0.9267109375,0.0004000427223278593,0.012479687500000058,13,0.5918553660682309,0.001894668697826114,0.6455189042486152,0.0017488780019943831,0.053663538180384385,14.470592260360718,0.3739956995253962,2.6889055728912354,0.07578484609231176,0.8729063516157622,0.5426368923078148,0.876926978610933,0.543134102945216,0.882763833780652,0.5708318741339079,0.874013561120191,0.5413855964614388,0.8766972573555237,0.5561221407494524
candidate_009,0.15,700,31,10,1.0,11,0.8812930082653118,0.003059941193228237,0.9739778782841426,0.0011213560357944434,0.09268487001883086,11,0.5608155805850684,0.009672720795630835,0.8881885872683238,0.0061753839297356145,0.3273730066832554,4,0.4014777237976171,0.004410013356042278,0.7139657093672629,0.010481632359899995,0.3124879855696458,18,0.755330154302452,0.015996961448860925,0.963464388714697,0.004231965780575789,0.208134234412245,4,0.2734791052513482,0.004748466151093226,0.567172650046113,0.011963271121164904,0.2936935447947647,7,0.91806875,0.0006813360037455597,0.9543484375,0.0013805339631597223,0.03627968749999999,4,0.6317785315645266,0.002099442295113528,0.7823868906554482,0.006077028361347813,0.15060835909092163,29.30742292404175,1.8863772756416448,4.467292022705078,0.3910595779708866,0.8775557405130706,0.5491778164292461,0.8808327194346676,0.5612956008692112,0.8867372766517607,0.5777657228064147,0.8817232084954604,0.5541739573162946,0.8796160962315991,0.5616648055041752
candidate_010,0.15,150,31,10,0.0,12,0.8768812558123897,0.0026708684768616516,0.9636662589974574,0.00010977236207737983,0.08678500318506766,13,0.5466535994560975,0.007508295067755595,0.8417683546973225,0.0014462107155696334,0.295114755241225,10,0.35517856669458114,0.008262216586344722,0.6063586278791205,0.004758620942447675,0.2511800611845394,17,0.7749312969006369,0.012654677976433859,0.9544914472680345,0.0017933082724974308,0.1795601503673976,10,0.23043847635848752,0.006720606861109056,0.44431823557163835,0.004766504791291377,0.21387975921315083,10,0.9159375000000001,0.0007106884866099706,0.9420328125000001,0.0005305694169946331,0.02609531250000008,10,0.6114776291290728,0.0032933228499967618,0.720976185468168,0.002411562349734518,0.10949855633909522,19.963181972503662,2.0287890607885175,3.2429906368255614,0.4077948446433059,0.873392521539131,0.546802582969079,0.8774808894493443,0.5381720435531768,0.8814413225181763,0.5605858739928227,0.8767337381152879,0.5436018737433855,0.8753578074400096,0.5441056230220231
candidate_011,0.05,700,31,100,10.0,1,0.8914490594718993,0.0028364521368533825,0.9735798564387821,0.0001449851951248209,0.08213079696688275,1,0.5910892652910229,0.010028489459778139,0.8874846167620142,0.001081552803242412,0.2963953514709913,2,0.41524813752426376,0.007033139489982255,0.7054875560264627,0.003611752714098957,0.290239418502199,13,0.7957469720820509,0.01830811131373502,0.9660920413716563,0.001842311571043297,0.17034506928960536,3,0.28094235277732643,0.004640089553081182,0.5556194532786236,0.004103723662447666,0.2746771005012972,1,0.9204874999999999,0.001089832269204757,0.9533859375,0.00046881770344398644,0.0328984375000001,3,0.6364377416827398,0.0025867944449508417,0.776720595008231,0.0020789868931790044,0.14028285332549117,78.98448371887207,2.6628862048965645,10.312159538269043,0.13261922627120906,0.8875727837988023,0.5860821354006068,0.891347926967535,0.5868142782280511,0.896349994659139,0.6090120774153283,0.8903765808257214,0.5796644071969216,0.8915980111082995,0.5938734282142069
candidate_012,0.03,300,63,10,0.1,16,0.8728418634498112,0.0035594644862746616,0.965907188107024,0.000264284639073456,0.09306532465721284,15,0.5412258954468167,0.01181087176019406,0.8592626523200615,0.0008926188776278433,0.31803675687324484,17,0.1813445783167122,0.004451983601311413,0.46335003206834935,0.00526779807774804,0.28200545375163716,7,0.8734919633473955,0.018652478392105855,0.9907219468029387,0.000739344610036401,0.11722998345554314,17,0.10119397182052414,0.002900515147754914,0.3024007085519366,0.0044248068512256515,0.20120673673141248,17,0.9082000000000001,0.00024173849507267353,0.9296156250000001,0.00045405077841029787,0.021415624999999938,17,0.5497736241242429,0.0013659192886071468,0.6510422825336134,0.002218216234893973,0.1012686584093705,48.3344624042511,0.985514063053573,6.608457374572754,0.25920652362031227,0.86767868503311,0.5312741315553343,0.8739450168312238,0.5333950313122586,0.8785519426388072,0.5607654743504887,0.8711487250033878,0.5315785877280733,0.8728849477425269,0.5491162522879283
candidate_013,0.03,150,31,100,0.1,20,0.8440385202251635,0.0038965311084629972,0.8971171216593801,0.0005772493341426153,0.05307860143421661,20,0.47124632539746153,0.00982977863117592,0.6336621509830335,0.001863911229885424,0.16241582558557194,20,0.022125112551563176,0.003885710070375374,0.05505829334730018,0.002249913653905558,0.03293318079573701,1,0.9635038123251585,0.015216276785871095,0.9934191406617442,0.002875058582822452,0.029915328336585723,20,0.011195345202448102,0.001986238596733128,0.02831508704829539,0.0011886305901912218,0.01711974184584729,20,0.90059375,0.00018221724671390224,0.9023390625000001,0.00012189503040526955,0.0017453125000000957,20,0.5055733540178488,0.000985563726915934,0.5141471211954665,0.0005954930407162411,0.008573767177617708,16.983073949813843,0.13375306799980047,3.0577733516693115,0.09492134001025206,0.839578502173701,0.4601239289847159,0.8447908462778831,0.4685291564956052,0.8510903890601191,0.48912464840334957,0.8421052762348623,0.4657454371421791,0.8426275873792516,0.4727084559614576
candidate_014,0.05,500,15,20,0.1,8,0.8846661014261802,0.0032161960200651593,0.9399875684841433,0.00035010115010885825,0.05532146705796315,7,0.5738389346703464,0.011548789688282936,0.7581425580900845,0.0021434330289995403,0.18430362341973805,12,0.31327924352197223,0.0022945855323947537,0.4705550649420934,0.0048296710208792235,0.1572758214201212,9,0.8416932519315659,0.026281292499760092,0.9463020717669665,0.0036581086815316694,0.1046088198354006,12,0.1924992262637048,0.0015924938339277077,0.31314522035039477,0.004207242023719003,0.12064599408668997,12,0.9151937499999999,0.0006810492823577487,0.9291937499999999,0.00042829034215995185,0.014000000000000012,12,0.594213790777492,0.0007524135619506296,0.6555798849128069,0.0020976482769323695,0.06136609413531491,37.19844722747803,0.5867002820322184,5.769043922424316,0.10827813807837905,0.8806825634679373,0.5665134948806223,0.884632477981366,0.5694825093738897,0.8903879344764504,0.5939065231876219,0.8829033940221074,0.560804016655092,0.8847241371830398,0.578488129254506
candidate_015,0.15,700,31,10,10.0,6,0.8853593994801038,0.0028130447545538432,0.9733622282341503,0.0023532066450685867,0.08800282875404652,9,0.5667729787999406,0.010686223642895775,0.8870637494487823,0.01150116943069136,0.3202907706488417,1,0.42126921750558416,0.00529201810663868,0.7275964905237359,0.019420134464307452,0.3063272730181517,19,0.7503917758919206,0.01553615935102257,0.9592389630288973,0.005245686747731858,0.2088471871369767,1,0.2928841987573795,0.004393725689580737,0.5863291851922305,0.02323986614890315,0.29344498643485106,4,0.9191375,0.0008766947872549486,0.9559390625,0.0025712094749480376,0.036801562499999996,1,0.6409912293597081,0.002180648056048874,0.7917792935392637,0.011750986948978207,0.1507880641795556,30.65365138053894,2.111646622427506,4.42356686592102,0.20144741557552942,0.8812770713103069,0.5613443524374523,0.8846922875147464,0.5588375461788417,0.8900545411664578,0.5864738860101112,0.885839225564783,0.5576744519879052,0.8849338718442252,0.5695346573853922
candidate_016,0.15,300,63,10,0.1,14,0.8752309872649319,0.003571172414019454,0.9888327779328406,0.0008934199310800842,0.11360179066790876,16,0.5390279921589061,0.0074834829766064264,0.9581353267687316,0.003619744024282831,0.4191073346098255,9,0.37722460586546025,0.0054201649021622875,0.8439230443248535,0.015046002047840776,0.4666984384593933,20,0.7412266524708654,0.009747947788999458,0.9844478328982593,0.0007937872599924938,0.24322118042739393,9,0.253016101452303,0.004603168348049539,0.7388204470946182,0.023105144621425752,0.4858043456423152,9,0.9160562500000001,0.0005760181203747177,0.97258125,0.0022696655779954624,0.056524999999999825,9,0.6215713455931298,0.0022573126536902144,0.868757960586841,0.01152302614885189,0.2471866149937112,29.374907159805296,1.8491375234650562,4.045209264755249,0.21404022055670519,0.8709632495540622,0.5328212237678805,0.876336133899876,0.5368227109988798,0.881430865492576,0.5529031818888976,0.8745124627868164,0.532476637513957,0.872912224591329,0.5401162066249151
candidate_017,0.1,300,63,20,1.0,9,0.8826510824577758,0.0021696485290888367,0.9890229483560598,0.0011786299154667365,0.10637186589828396,10,0.5638826094744823,0.011538069736146529,0.9585683186483687,0.004920780827187147,0.39468570917388635,8,0.384027382439779,0.011685045566104921,0.8418220657887728,0.018802181616984544,0.4577946833489938,15,0.7783211229239948,0.014915260038395804,0.9878886986852141,0.000677008165391123,0.20956757576121932,8,0.2549438460883761,0.00911358543007779,0.7338444257958948,0.028340292856490187,0.4789005797075187,8,0.9178375000000001,0.001173503035786442,0.9723515624999999,0.002838555523666499,0.054514062499999794,8,0.6234176441485826,0.004654472927379308,0.8664202049276655,0.014164751222313289,0.2430025607790829,44.20993084907532,3.0080531872742675,5.870367431640625,0.34070291830392024,0.8801935408405372,0.5595148167477659,0.88391221343629,0.5573252170668648,0.8862569772558831,0.5838302508152642,0.8814748649401685,0.5502898753113925,0.8814178158160008,0.5684528874311242
candidate_018,0.05,500,15,20,1.0,7,0.8850146127749433,0.0037052490049789524,0.9392522589106317,0.00026104648775430783,0.05423764613568838,6,0.5763138063743642,0.011487958435954234,0.7560423752640827,0.001722131544150246,0.17972856888971844,11,0.3153593106571716,0.003498751272128829,0.46867780790244123,0.005281876559698029,0.15331849724526964,8,0.8476845399962449,0.020482346101905448,0.9455114487320124,0.002485323970174418,0.09782690873576749,11,0.19374285261097313,0.0025681320739456485,0.3115747170524371,0.0046765530991725816,0.11783186444146398,11,0.9154687499999999,0.0005583177858531899,0.9290171875000001,0.00043968205842401454,0.013548437500000121,11,0.5949189819167863,0.001253853700757386,0.6547842109728637,0.0023181174730137638,0.059865229056077385,37.81165943145752,0.6079518839719472,5.946847915649414,0.2411810416407722,0.8798559600578213,0.569181161819009,0.8855503895318729,0.5686601127214884,0.8912465124523298,0.5971222638040896,0.8833116177208732,0.5662569168024871,0.88510858411182,0.5803485767247468
candidate_019,0.03,500,31,10,10.0,10,0.8814955287051953,0.0034301485050724045,0.9481783775859899,0.00024005016520982063,0.06668284888079457,8,0.567126097916035,0.010481295429330172,0.7903312485727921,0.0013765825403202737,0.22320515065675717,14,0.24656138396089458,0.002162933587882217,0.4422619749176415,0.005591738094815459,0.19570059095674694,4,0.8784068636827298,0.021247517313300546,0.9708315377945885,0.0021186968083316358,0.09242467411185873,14,0.1434257174469797,0.0015953213586548485,0.2863695021803946,0.0045493041818936925,0.14294378473341487,14,0.9119187499999999,0.00035277914479175883,0.9274249999999998,0.0004863518129271414,0.015506249999999944,14,0.5705976732128087,0.0007257395305108312,0.6427044561795737,0.002290184936505182,0.07210678296676498,54.39132118225098,0.31797921578496025,7.793165588378907,0.09457989929060656,0.8777070526893894,0.560286428334434,0.8816951869534175,0.5613833872929139,0.8876347011814193,0.5860831155145487,0.8788983100063884,0.5572364868159169,0.8815423926953614,0.570641071622361
candidate_020,0.03,300,63,20,0.1,15,0.873302145756172,0.0037513224599715826,0.9654459016061653,0.00032281547452692937,0.09214375584999324,14,0.543470953874839,0.010277410749386819,0.8583097759997914,0.0005876179998999068,0.3148388221249524,16,0.18656249209423864,0.003531480664794184,0.46463201550267585,0.004930580136696843,0.2780695234084372,5,0.8744296170475119,0.022191126535581106,0.990761064992968,0.0007516017893381659,0.11633144794545613,16,0.10442826690807239,0.0020870629790962158,0.3034892200864745,0.004189589409969072,0.1990609531784021,16,0.9084937500000001,0.0003905124837953309,0.929725,0.0004193617266901219,0.021231249999999924,16,0.5513734017513349,0.0010935586639770247,0.6515865383008823,0.002093732102247161,0.10021313654954744,47.526215171813966,0.19587510151000423,6.563162803649902,0.15752795576435488,0.8692355914808966,0.5368406696948455,0.8745061350695926,0.5392445680226942,0.87993578089956,0.5636575270320542,0.8722103507614788,0.5360418052420725,0.8706228705693324,0.5415701993825286
