feature,dtype,count,missing_count,missing_percentage,unique_count,mean,std,min,q01,q25,median,q75,q99,max,zero_count,zero_percentage,positive_infinity_count,negative_infinity_count,is_constant,is_quasi_constant,dominant_value_percentage,memory_bytes
var_0,float64,200000,0,0.0,94672,10.679914252,3.040050870668822,0.4084,4.4247950000000005,8.453850000000001,10.524750000000001,12.7582,18.175902,20.315,0,0.0,0,0,False,False,0.0055000000000000005,1600000
var_1,float64,200000,0,0.0,108932,-1.6276216895,4.050044189954996,-15.0434,-9.883609,-4.740025,-1.60805,1.358625,7.5417,10.3768,1,0.0005,0,0,False,False,0.005,1600000
var_2,float64,200000,0,0.0,86555,10.715191850999998,2.6408941917999016,2.1171,5.4567,8.722475,10.58,12.5167,17.320999999999998,19.353,0,0.0,0,0,False,False,0.006,1600000
var_3,float64,200000,0,0.0,74597,6.796529157,2.043319016359727,-0.0402,2.515897,5.254075,6.825,8.3241,11.2126,13.1883,0,0.0,0,0,False,False,0.0075,1600000
var_4,float64,200000,0,0.0,63515,11.078333240500001,1.6231495339368356,5.0748,7.5599989999999995,9.883175000000001,11.10825,12.261125,14.4847,16.6714,0,0.0,0,0,False,False,0.0075,1600000
var_5,float64,200000,0,0.0,141029,-5.0653174935,7.863266683476722,-32.5626,-21.060402,-11.20035,-4.83315,0.9248,12.290505000000005,17.2516,3,0.0015,0,0,False,False,0.0034999999999999996,1600000
var_6,float64,200000,0,0.0,38599,5.4089486815,0.8666072662169011,2.3473,3.6006,4.7677,5.3851,6.002999999999999,7.438301000000001,8.4477,0,0.0,0,0,False,False,0.011000000000000001,1600000
var_7,float64,200000,0,0.0,103063,16.5458498895,3.4180755789371458,5.3497,9.766999,13.9438,16.4568,19.1029,23.892501,27.6918,0,0.0,0,0,False,False,0.0055000000000000005,1600000
var_8,float64,200000,0,0.0,98617,0.28416185,3.3326335367175806,-10.5055,-6.732503,-2.3178,0.3937,2.9379,6.6601,10.1513,1,0.0005,0,0,False,False,0.0055000000000000005,1600000
var_9,float64,200000,0,0.0,49417,7.567236361499999,1.2350699252999375,3.9705,4.7860000000000005,6.6188,7.6296,8.584425,9.8741,11.1506,0,0.0,0,0,False,False,0.009000000000000001,1600000
var_10,float64,200000,0,0.0,128764,0.394340441,5.500793007191906,-20.7313,-11.730304,-3.59495,0.48729999999999996,4.382925,11.977601000000002,18.6702,1,0.0005,0,0,False,False,0.0045000000000000005,1600000
var_11,float64,200000,0,0.0,130193,-3.2455960885,5.97025309550538,-26.095,-16.293509,-7.5106,-3.28695,0.8528249999999999,10.5223,17.1887,2,0.001,0,0,False,False,0.004,1600000
var_12,float64,200000,0,0.0,9561,14.0239777985,0.1900592330753857,13.4346,13.555399000000001,13.894,14.0255,14.1642,14.4199,14.6545,0,0.0,0,0,False,False,0.1015,1600000
var_13,float64,200000,0,0.0,115181,8.530232379000001,4.639535502007197,-6.0111,-2.2879,5.0728,8.60425,12.274775,17.348302,22.3315,0,0.0,0,0,False,False,0.0045000000000000005,1600000
var_14,float64,200000,0,0.0,79122,7.5376061135,2.2479082450576504,1.0133,3.0460000000000003,5.781875,7.5203,9.270425,12.207304000000004,14.9377,0,0.0,0,0,False,False,0.006,1600000
var_15,float64,200000,0,0.0,19810,14.573125858999997,0.4117114218637693,13.0769,13.7129,14.2628,14.5741,14.8745,15.488,15.8633,0,0.0,0,0,False,False,0.017,1600000
var_16,float64,200000,0,0.0,86918,9.3332641825,2.5574209936662657,0.6351,4.043184,7.452275,9.232050000000001,11.0559,15.547005000000006,17.9506,0,0.0,0,0,False,False,0.006999999999999999,1600000
var_17,float64,200000,0,0.0,137823,-5.696731002,6.712612437614566,-33.3802,-20.667501,-10.476225,-5.6663499999999996,-0.810775,8.40931100000001,19.0259,2,0.001,0,0,False,False,0.004,1600000
var_18,float64,200000,0,0.0,139515,15.244013001999999,7.851370241294043,-10.6642,-0.620801,9.177950000000001,15.19625,21.013325000000002,32.84001400000002,41.748000000000005,0,0.0,0,0,False,False,0.0045000000000000005,1600000
var_19,float64,200000,0,0.0,144180,12.438567329500001,7.996693808364899,-12.4025,-3.799422,6.2764750000000005,12.4539,18.4333,30.185814000000015,35.183,0,0.0,0,0,False,False,0.0034999999999999996,1600000
var_20,float64,200000,0,0.0,127764,13.290894120499999,5.876253905644905,-5.4322,1.7995910000000002,8.6278,13.1968,17.8794,25.433902000000003,31.2859,0,0.0,0,0,False,False,0.005,1600000
var_21,float64,200000,0,0.0,140062,17.257882793,8.196563646022815,-10.089,-0.810215,11.550999999999998,17.234250000000003,23.08905,35.47361300000001,49.0443,0,0.0,0,0,False,False,0.005,1600000
var_22,float64,200000,0,0.0,90660,4.3054304705,2.8479579398264883,-5.3225,-1.5569009999999999,2.1824,4.27515,6.2932,11.15671000000001,14.5945,2,0.001,0,0,False,False,0.0055000000000000005,1600000
var_23,float64,200000,0,0.0,24913,3.0195397695000006,0.5268934534183293,1.2098,1.911699,2.6341,3.0086500000000003,3.4038,4.175701000000001,4.8752,0,0.0,0,0,False,False,0.016,1600000
var_24,float64,200000,0,0.0,105101,10.5844000705,3.7772452295430945,-0.6784,3.251697,7.613,10.38035,13.4796,18.721302,25.446,0,0.0,0,0,False,False,0.005,1600000
var_25,float64,200000,0,0.0,14853,13.667496003,0.28553546188262496,12.72,13.0803,13.4564,13.6625,13.8637,14.357901000000002,14.6546,0,0.0,0,0,False,False,0.0205,1600000
var_26,float64,200000,0,0.0,127089,-4.055133277,5.922209781187779,-24.2431,-16.543629000000003,-8.321725,-4.1969,-0.0902,10.242307000000007,15.6751,1,0.0005,0,0,False,False,0.0045000000000000005,1600000
var_27,float64,200000,0,0.0,60185,-1.1379075225,1.5237142257081446,-6.1668,-4.253801,-2.3079,-1.1321,0.015625,2.185101000000001,3.2431,5,0.0025,0,0,False,False,0.0075,1600000
var_28,float64,200000,0,0.0,35859,5.532979580000001,0.7833672777788737,2.0896,3.774,4.9921,5.5348500000000005,6.0937,7.253404000000004,8.7874,0,0.0,0,0,False,False,0.012,1600000
var_29,float64,200000,0,0.0,88339,5.0538735589999995,2.61594151022476,-4.7872,-0.422104,3.1717,4.9502,6.798925,11.465503000000004,13.1431,0,0.0,0,0,False,False,0.006,1600000
var_30,float64,200000,0,0.0,145977,-7.6877395945,7.965198225263478,-34.7984,-24.63111,-13.766175,-7.41175,-1.44345,7.750704000000004,15.6515,2,0.001,0,0,False,False,0.003,1600000
var_31,float64,200000,0,0.0,77388,10.393045872,2.1598906041093073,2.1406,5.733295,8.87,10.36565,11.885,15.356504000000005,20.1719,0,0.0,0,0,False,False,0.006999999999999999,1600000
var_32,float64,200000,0,0.0,85964,-0.5128855335,2.587829544130026,-8.9861,-5.817101,-2.5008749999999997,-0.49765,1.4691,4.9457,6.7871,2,0.001,0,0,False,False,0.0065,1600000
var_33,float64,200000,0,0.0,112239,14.7741467185,4.3223247855051445,1.5085,5.8628,11.4563,14.576,18.097125000000002,23.904313000000013,29.5466,0,0.0,0,0,False,False,0.0065,1600000
var_34,float64,200000,0,0.0,25164,11.434249708,0.5416141965490789,9.8169,10.247599000000001,11.0323,11.4352,11.8444,12.558701000000001,13.2878,0,0.0,0,0,False,False,0.015,1600000
var_35,float64,200000,0,0.0,122384,3.842499154,5.179558998997714,-16.5136,-7.587814,0.11697499999999993,3.91775,7.487725,14.979,21.5289,2,0.001,0,0,False,False,0.005,1600000
var_36,float64,200000,0,0.0,96404,2.1872295715,3.1199778353195944,-8.0951,-4.726902,-0.007125,2.198,4.4604,8.940301000000002,14.2456,1,0.0005,0,0,False,False,0.0065,1600000
var_37,float64,200000,0,0.0,79040,5.868899321000001,2.249729877448745,-1.1834,1.286299,4.125475,5.90065,7.5424,11.088101000000002,11.8638,0,0.0,0,0,False,False,0.0065,1600000
var_38,float64,200000,0,0.0,115366,10.642130850999997,4.278902835025852,-6.3371,1.736992,7.59105,10.5627,13.598925000000001,20.525305000000007,29.8235,0,0.0,0,0,False,False,0.0045000000000000005,1600000
var_39,float64,200000,0,0.0,112674,0.6629564005,4.068844666306767,-14.5457,-8.3793,-2.1995,0.6723,3.637825,9.360906000000007,15.3223,2,0.001,0,0,False,False,0.005,1600000
var_40,float64,200000,0,0.0,141878,-6.725505203,8.279259190079939,-35.2117,-24.256515,-12.831824999999998,-6.61745,-0.8808750000000001,12.120710000000008,18.1056,0,0.0,0,0,False,False,0.004,1600000
var_41,float64,200000,0,0.0,131896,9.299858001999999,5.938087593002799,-8.5359,-2.141401,4.519575,9.16265,13.7548,23.006702,26.1658,0,0.0,0,0,False,False,0.004,1600000
var_42,float64,200000,0,0.0,31592,11.2223560935,0.6959910936128286,8.859,9.652799,10.7132,11.2434,11.7569,12.622501000000002,13.4696,0,0.0,0,0,False,False,0.0115,1600000
var_43,float64,200000,0,0.0,15188,11.569953900000002,0.3095994237520573,10.6528,10.8797,11.3438,11.565,11.8046,12.2159,12.5779,0,0.0,0,0,False,False,0.0195,1600000
var_44,float64,200000,0,0.0,127702,8.9482887965,5.9030729557361505,-9.9396,-5.7135,5.31365,9.4372,13.0873,21.125301,34.1961,0,0.0,0,0,False,False,0.0045000000000000005,1600000
var_45,float64,200000,0,0.0,169968,-12.699666820500001,21.404911544677237,-90.2525,-57.448521,-28.7307,-12.5472,3.150525,32.697904,62.0844,0,0.0,0,0,False,False,0.0034999999999999996,1600000
var_46,float64,200000,0,0.0,93450,11.326487955999998,2.8605106499241764,1.2062,5.2034,9.24875,11.31075,13.3183,17.952106000000008,21.2939,0,0.0,0,0,False,False,0.0065,1600000
var_47,float64,200000,0,0.0,154781,-12.471737158499998,10.579861528912637,-47.6862,-34.19039,-20.654525,-12.4824,-4.244525,9.083402000000001,20.6854,0,0.0,0,0,False,False,0.0034999999999999996,1600000
var_48,float64,200000,0,0.0,152039,14.704712718500002,11.384331762580283,-23.9022,-9.639423,6.351975,14.5592,23.02865,39.202000999999996,54.2738,0,0.0,0,0,False,False,0.004,1600000
var_49,float64,200000,0,0.0,140641,16.682498702500002,7.855762488129566,-8.0707,0.7012980000000001,10.653475,16.6724,22.54905,34.02660800000001,41.153,0,0.0,0,0,False,False,0.0045000000000000005,1600000
var_50,float64,200000,0,0.0,32308,12.740985916,0.6917090672488033,10.3855,11.1857,12.269,12.7456,13.2345,14.260001,15.3172,0,0.0,0,0,False,False,0.0125,1600000
var_51,float64,200000,0,0.0,143455,13.428911725999999,8.187305899768988,-15.0462,-3.539404,7.267625,13.4444,19.38565,31.892012000000012,40.689,0,0.0,0,0,False,False,0.0034999999999999996,1600000
var_52,float64,200000,0,0.0,121313,-2.5288156159999997,4.985532259550157,-24.7214,-13.662516,-6.065025,-2.50245,0.94435,8.325201000000002,17.0968,2,0.001,0,0,False,False,0.005,1600000
var_53,float64,200000,0,0.0,33460,6.0085688,0.7647529817394473,3.3449,4.418399,5.4356,6.0278,6.5429,7.784,8.2315,0,0.0,0,0,False,False,0.0125,1600000
var_54,float64,200000,0,0.0,144776,1.137116864,8.414241118728755,-26.7786,-16.627507,-5.147625,1.27405,7.401825,18.694302,28.5724,0,0.0,0,0,False,False,0.004,1600000
var_55,float64,200000,0,0.0,128077,12.745851658000001,5.690072147133703,-3.7826,1.7993940000000002,8.1639,12.5941,17.086625,25.523220000000016,29.0921,0,0.0,0,0,False,False,0.0045000000000000005,1600000
var_56,float64,200000,0,0.0,103045,16.629164889,3.5401738815673416,2.7618,8.3142,14.097874999999998,16.64815,19.2897,23.900304000000006,29.0741,0,0.0,0,0,False,False,0.005,1600000
var_57,float64,200000,0,0.0,35545,6.272013516,0.7950261413770903,3.4423,4.620697,5.6875,6.2625,6.845,8.027801,9.1609,0,0.0,0,0,False,False,0.011000000000000001,1600000
var_58,float64,200000,0,0.0,113907,3.1776331530000004,4.296685916972862,-12.6009,-6.188308,0.1835,3.1700999999999997,6.2097,12.823317000000015,20.4833,4,0.002,0,0,False,False,0.005,1600000
var_59,float64,200000,0,0.0,37744,8.9311241245,0.8547981603289942,6.184,7.0985,8.3124,8.901,9.566524999999999,10.769604000000005,11.9867,0,0.0,0,0,False,False,0.0105,1600000
var_60,float64,200000,0,0.0,113763,12.1556182315,4.222389230283812,-2.1006,3.7582950000000004,8.91275,12.06435,15.1165,22.356607000000007,25.1955,0,0.0,0,0,False,False,0.005,1600000
var_61,float64,200000,0,0.0,159369,-11.946744153999997,11.62294817404791,-48.8027,-35.638400999999995,-20.901725000000003,-11.892,-3.22545,14.053190000000084,27.1029,1,0.0005,0,0,False,False,0.003,1600000
var_62,float64,200000,0,0.0,74777,0.8741702705000001,2.026237549584511,-6.3289,-3.410307,-0.5724,0.7947,2.2282,5.787602000000002,7.7536,3,0.0015,0,0,False,False,0.0065,1600000
var_63,float64,200000,0,0.0,97098,0.6611733995,3.1130890250495975,-10.5544,-6.561302,-1.5887,0.6817,3.0203,7.004001000000001,11.2317,1,0.0005,0,0,False,False,0.0055000000000000005,1600000
var_64,float64,200000,0,0.0,59379,6.3691573230000005,1.485853795093742,1.6117,3.026099,5.2935,6.3777,7.4906,9.447902000000003,11.1537,0,0.0,0,0,False,False,0.008,1600000
var_65,float64,200000,0,0.0,108347,0.9828914825,3.786493447947924,-14.0888,-7.487505,-1.7028,1.02135,3.7392,8.869603000000003,15.7313,0,0.0,0,0,False,False,0.005,1600000
var_66,float64,200000,0,0.0,47722,5.794038898499999,1.1213655498134132,1.3368,3.3968,4.9738,5.782,6.5862,8.302302000000003,9.7132,0,0.0,0,0,False,False,0.0095,1600000
var_67,float64,200000,0,0.0,137253,11.943223380999997,7.365115208890987,-19.5443,-4.4972010000000004,6.7532,11.922,17.03765,28.336801,39.3968,0,0.0,0,0,False,False,0.004,1600000
var_68,float64,200000,0,0.0,451,5.018893456,0.0071862678831431425,4.9938,5.0017,5.013999999999999,5.0191,5.0241,5.0341,5.0469,0,0.0,0,0,False,False,0.542,1600000
var_69,float64,200000,0,0.0,110346,-3.3315150864999996,3.955722754935325,-16.3094,-11.405100999999998,-6.336625,-3.3255,-0.498875,5.917304000000004,8.5473,2,0.001,0,0,False,False,0.005,1600000
var_70,float64,200000,0,0.0,153193,24.446811050999997,11.951741643446278,-17.0275,-0.238312,15.256625,24.445,33.63315,48.914414000000015,64.4644,0,0.0,0,0,False,False,0.0034999999999999996,1600000
var_71,float64,200000,0,0.0,13527,0.669755893,0.26669612131408693,-0.2239999999999999,0.1042,0.4723,0.6684,0.8644,1.25,1.5719,1,0.0005,0,0,False,False,0.027,1600000
var_72,float64,200000,0,0.0,110114,0.6405532485000001,3.944702831427355,-12.3834,-7.908804,-2.1971,0.64645,3.5107,9.214619000000019,14.15,2,0.001,0,0,False,False,0.005,1600000
var_73,float64,200000,0,0.0,142582,19.610887772499996,7.466303345873331,-1.6658,3.7510980000000003,14.097275,19.30975,25.207125,35.548027000000026,44.5361,0,0.0,0,0,False,False,0.004,1600000
var_74,float64,200000,0,0.0,161058,19.518845927999998,14.112590694715585,-34.1015,-12.210002000000001,9.595975,19.53665,29.6207,49.52700800000001,70.27199999999999,0,0.0,0,0,False,False,0.0034999999999999996,1600000
var_75,float64,200000,0,0.0,129383,16.853731765,6.055321599453868,-1.2936,2.895184,12.480975,16.8442,21.432225000000003,29.355517000000017,36.1567,0,0.0,0,0,False,False,0.005,1600000
var_76,float64,200000,0,0.0,139317,6.050871454,7.938351253194238,-21.6333,-12.6273,0.5963,6.2978,11.8188,22.780507000000007,34.4352,2,0.001,0,0,False,False,0.004,1600000
var_77,float64,200000,0,0.0,106809,19.066992556,3.81729246439854,7.4257,11.750693,16.0147,18.96785,22.0411,27.075403,30.9569,0,0.0,0,0,False,False,0.005,1600000
var_78,float64,200000,0,0.0,72254,5.349479312500001,1.9937920947549077,-1.8183,1.165397,3.817275,5.44005,6.8672,9.581901,11.3507,0,0.0,0,0,False,False,0.0075,1600000
var_79,float64,200000,0,0.0,53212,14.4021363415,1.3090548713055636,10.4454,11.8088,13.3754,14.38885,15.3831,17.352603000000002,18.2256,0,0.0,0,0,False,False,0.0085,1600000
var_80,float64,200000,0,0.0,136432,5.795043557,7.4367367646596865,-18.0422,-12.419238,0.694475,6.06175,11.449124999999999,20.594514000000014,30.4769,0,0.0,0,0,False,False,0.004,1600000
var_81,float64,200000,0,0.0,79065,14.719023858500002,2.299567114776453,7.5865,9.194399,13.214775,14.8445,16.3408,19.580101000000003,23.1324,0,0.0,0,0,False,False,0.006999999999999999,1600000
var_82,float64,200000,0,0.0,144829,-3.4712732400000004,8.47925519366483,-30.0266,-21.0002,-10.00495,-3.28445,3.101725,14.027701,21.8934,0,0.0,0,0,False,False,0.004,1600000
var_83,float64,200000,0,0.0,144281,1.0258167765,8.297229087055552,-24.2201,-17.7814,-5.1064,1.0697,7.4499,17.693621000000018,27.7143,1,0.0005,0,0,False,False,0.004,1600000
var_84,float64,200000,0,0.0,133766,-2.59020876,6.22530548715494,-24.4398,-15.92051,-7.216125,-2.51795,1.9867,10.779302000000001,17.7424,1,0.0005,0,0,False,False,0.004,1600000
var_85,float64,200000,0,0.0,108437,18.362720644499998,3.908535978882623,7.023,10.337297000000001,15.338574999999999,18.29645,21.35885,26.452102000000004,32.9011,0,0.0,0,0,False,False,0.005,1600000
var_86,float64,200000,0,0.0,140594,5.6210584225,7.75114204809592,-19.2722,-13.195216,0.40755,6.0067,11.158375,21.848218000000017,34.5637,1,0.0005,0,0,False,False,0.004,1600000
var_87,float64,200000,0,0.0,125296,11.351483195500002,5.66186704162101,-8.4816,-0.528201,7.247175,11.288,15.433225,23.804004000000003,33.3541,0,0.0,0,0,False,False,0.0045000000000000005,1600000
var_88,float64,200000,0,0.0,84918,8.702923521499999,2.4914600357447916,1.3502,3.182897,6.918775,8.6162,10.567025000000001,14.000006000000006,17.4594,0,0.0,0,0,False,False,0.006,1600000
var_89,float64,200000,0,0.0,103522,3.7252079275,3.5605535139115423,-9.6014,-3.7712,1.1405,3.64255,6.1462,12.322801000000002,15.4816,0,0.0,0,0,False,False,0.006,1600000
var_90,float64,200000,0,0.0,157210,-16.548147024000002,13.152809532259242,-61.718,-43.697706999999994,-26.6656,-16.4826,-6.409375,10.492602000000002,27.2713,0,0.0,0,0,False,False,0.0034999999999999996,1600000
var_91,float64,200000,0,0.0,7962,6.9875414695,0.1526406617451217,6.5218,6.6785,6.8699,6.9865,7.1014,7.3279,7.4895,0,0.0,0,0,False,False,0.033,1600000
var_92,float64,200000,0,0.0,110743,12.739578443,4.186251603047781,-1.0185,3.8779980000000003,9.6703,12.6735,15.840225,21.733903,26.9976,0,0.0,0,0,False,False,0.005,1600000
var_93,float64,200000,0,0.0,26708,10.556739836999997,0.543341094169985,8.4916,9.211,10.1956,10.5822,10.9449,11.692,12.5343,0,0.0,0,0,False,False,0.016,1600000
var_94,float64,200000,0,0.0,89146,10.999161667,2.7680985484041476,2.819,5.498899,8.828,10.98385,13.0891,17.187401,18.975,0,0.0,0,0,False,False,0.0055000000000000005,1600000
var_95,float64,200000,0,0.0,29387,-0.08434425300000001,0.6211252898563223,-2.4324,-1.414501,-0.5274,-0.0986,0.3291,1.3667,1.804,12,0.006,0,0,False,False,0.013,1600000
var_96,float64,200000,0,0.0,148099,14.400433117,8.525399871814496,-12.1584,-2.7659,7.796950000000001,14.3699,20.819375,33.129707,40.8806,0,0.0,0,0,False,False,0.0034999999999999996,1600000
var_97,float64,200000,0,0.0,158739,18.5396446215,12.642382102731206,-21.74,-7.541809000000001,8.919525,18.50215,28.158974999999998,45.22163000000003,58.2879,0,0.0,0,0,False,False,0.004,1600000
var_98,float64,200000,0,0.0,33266,1.7520119760000001,0.7158356568690984,-0.6035,0.1066,1.267675,1.7683,2.2609,3.295901000000001,4.5028,1,0.0005,0,0,False,False,0.013999999999999999,1600000
var_99,float64,200000,0,0.0,69300,-0.7462960344999999,1.8625496145558535,-7.2806,-4.672303,-2.1062,-0.7713,0.5285,3.740301000000001,5.0764,5,0.0025,0,0,False,False,0.0075,1600000
var_100,float64,200000,0,0.0,150727,-6.6005183245,9.18168275788983,-39.1791,-27.234952,-13.1987,-6.4015,0.1321,12.22341100000001,25.1409,1,0.0005,0,0,False,False,0.0034999999999999996,1600000
var_101,float64,200000,0,0.0,122295,13.4135261765,4.950537095273107,0.0757,2.435487,9.6398,13.38085,17.250225,23.4456,28.4594,0,0.0,0,0,False,False,0.0045000000000000005,1600000
var_102,float64,200000,0,0.0,146237,22.294908152,8.628179372802856,-7.3829,3.008493,16.047974999999997,22.306849999999997,28.682225000000003,40.590603,51.3265,0,0.0,0,0,False,False,0.004,1600000
var_103,float64,200000,0,0.0,9376,1.5683925404999999,0.18501954777285332,0.9793,1.1918,1.4289,1.5659999999999998,1.7054,1.965101000000001,2.1887,0,0.0,0,0,False,False,0.0305,1600000
var_104,float64,200000,0,0.0,72627,11.509834018,1.9705195374905355,4.0846,7.289393,10.0979,11.49795,12.9021,15.9492,19.0206,0,0.0,0,0,False,False,0.0075,1600000
var_105,float64,200000,0,0.0,39115,4.244743821,0.8556979951771038,0.7153,2.391699,3.6396,4.2245,4.8222,6.273301000000001,7.1692,0,0.0,0,0,False,False,0.012,1600000
var_106,float64,200000,0,0.0,71065,8.617657006000002,1.8948986470197895,0.9424,4.382397999999999,7.2823,8.60515,9.9289,12.886010000000008,15.3074,0,0.0,0,0,False,False,0.0075,1600000
var_107,float64,200000,0,0.0,137827,17.796265547500003,7.604722770470246,-5.898,2.166696,12.168075,17.5732,23.3486,34.52571000000001,46.3795,0,0.0,0,0,False,False,0.0045000000000000005,1600000
var_108,float64,200000,0,0.0,8525,14.224435356999999,0.17109118336970988,13.729,13.8177,14.0989,14.2266,14.3618,14.5488,14.743,0,0.0,0,0,False,False,0.1565,1600000
var_109,float64,200000,0,0.0,112172,18.4580011445,4.35503102896825,5.7697,9.059987000000001,15.107175000000002,18.281350000000003,21.8529,27.3814,32.0591,0,0.0,0,0,False,False,0.0055000000000000005,1600000
var_110,float64,200000,0,0.0,106121,5.5132380009999995,3.823253499306621,-9.2398,-2.758401,2.817475,5.3943,8.104325,14.506110000000008,19.5193,0,0.0,0,0,False,False,0.005,1600000
var_111,float64,200000,0,0.0,46464,6.312602914,1.0824040091482032,2.1942,4.0208,5.5101,6.3401,7.0803,8.797002000000003,9.8002,0,0.0,0,0,False,False,0.01,1600000
var_112,float64,200000,0,0.0,60482,3.317843345,1.59116970121631,-2.0302,-0.135002,2.092675,3.4084,4.5774,6.298802000000002,8.4317,0,0.0,0,0,False,False,0.0085,1600000
var_113,float64,200000,0,0.0,116496,8.136541668,4.459077297199589,-5.5139,-1.8614,4.80325,8.14855,11.5962,17.047403000000003,21.5421,0,0.0,0,0,False,False,0.005,1600000
var_114,float64,200000,0,0.0,43084,3.0811911915,0.9853961797001829,-0.0505,0.7859989999999999,2.388775,3.0838,3.8119,5.149102000000002,6.585,0,0.0,0,0,False,False,0.0095,1600000
var_115,float64,200000,0,0.0,86729,2.2137167265000004,2.6218511876950275,-6.8586,-3.7323,0.3997,2.24985,4.1215,7.828401000000001,11.9504,1,0.0005,0,0,False,False,0.0065,1600000
var_116,float64,200000,0,0.0,63467,2.402569659,1.6509121203187858,-3.1630000000000003,-1.1661009999999998,1.171875,2.4563,3.6651,5.764701000000001,8.1207,2,0.001,0,0,False,False,0.0075,1600000
var_117,float64,200000,0,0.0,164469,16.102233313,13.297662296617744,-31.8369,-12.465909,6.3735,15.94485,25.780825,44.684985000000076,64.8109,0,0.0,0,0,False,False,0.004,1600000
var_118,float64,200000,0,0.0,143667,-5.305132363,8.79926814020305,-37.5277,-24.946008000000003,-11.58785,-5.189500000000001,0.9718,13.56910900000001,25.2635,0,0.0,0,0,False,False,0.0045000000000000005,1600000
var_119,float64,200000,0,0.0,112403,3.0328485979999997,4.182795770746563,-9.7742,-5.469001,-0.16197499999999998,3.0239499999999997,6.0984,12.654000000000002,15.6885,1,0.0005,0,0,False,False,0.0055000000000000005,1600000
var_120,float64,200000,0,0.0,158269,24.521077860500004,12.121015905421167,-18.6962,-0.629005,15.696275,24.3547,33.105275000000006,51.81271300000001,74.0321,0,0.0,0,0,False,False,0.0034999999999999996,1600000
var_121,float64,200000,0,0.0,64695,11.3105910735,1.7144163459822424,6.3052,7.807697999999999,9.9964,11.2397,12.619425,14.960101000000002,17.3074,0,0.0,0,0,False,False,0.0075,1600000
var_122,float64,200000,0,0.0,121767,1.1929837195,5.168478732850514,-15.194,-10.315401,-2.5652,1.2007,5.0917,11.9574,18.4714,2,0.001,0,0,False,False,0.0045000000000000005,1600000
var_123,float64,200000,0,0.0,129893,7.076253565,6.147344702482955,-12.4059,-7.727218,2.81705,7.2343,11.73475,19.451518000000018,26.8749,0,0.0,0,0,False,False,0.0055000000000000005,1600000
var_124,float64,200000,0,0.0,91022,4.2727401095,2.736821368383054,-7.0538,-1.9665089999999998,2.3536,4.3021,6.1922,10.200402000000002,14.9915,1,0.0005,0,0,False,False,0.0055000000000000005,1600000
var_125,float64,200000,0,0.0,16059,12.489164999000002,0.31810008947399654,11.4861,11.854899000000001,12.2454,12.4863,12.7181,13.246203000000003,13.6642,0,0.0,0,0,False,False,0.02,1600000
var_126,float64,200000,0,0.0,32411,13.202325819,0.7760555053352279,11.2654,11.5355,12.6084,13.1668,13.8117,14.793201000000002,15.5156,0,0.0,0,0,False,False,0.1525,1600000
var_127,float64,200000,0,0.0,95710,0.851507152,3.13768364091766,-8.8769,-5.951514,-1.502325,0.925,3.293,7.156806000000005,10.5976,2,0.001,0,0,False,False,0.0055000000000000005,1600000
var_128,float64,200000,0,0.0,98200,-1.1279520465,3.238042738716554,-11.7559,-7.909702,-3.580725,-1.10175,1.3517,5.4771100000000095,9.8096,1,0.0005,0,0,False,False,0.0055000000000000005,1600000
var_129,float64,200000,0,0.0,113425,15.4603143455,4.136452521034232,2.1863,6.3652,12.514475000000001,15.4268,18.4804,24.421705000000006,31.2036,0,0.0,0,0,False,False,0.005,1600000
var_130,float64,200000,0,0.0,36638,12.2571508885,0.8321990591552486,9.5283,10.544298,11.6193,12.26465,12.8767,14.116801,14.9895,0,0.0,0,0,False,False,0.011000000000000001,1600000
var_131,float64,200000,0,0.0,21464,0.5446735374999999,0.45628026347046863,-0.9548,-0.4815,0.2078,0.5566,0.901,1.4444,2.1923,15,0.0075,0,0,False,False,0.0165,1600000
var_132,float64,200000,0,0.0,57923,7.799675918,1.456486181512218,2.89,4.568899,6.724375,7.8091,8.911425000000001,10.780602000000002,12.465,0,0.0,0,0,False,False,0.008,1600000
var_133,float64,200000,0,0.0,19236,6.813270463,0.37560349529043785,5.3593,6.0092,6.5435,6.8067,7.0708,7.702501000000001,8.3091,0,0.0,0,0,False,False,0.0195,1600000
var_134,float64,200000,0,0.0,131619,-4.826052546,6.166125904940735,-24.2546,-17.411501,-9.6257,-4.70425,-0.17880000000000001,9.042702000000002,12.7236,3,0.0015,0,0,False,False,0.0045000000000000005,1600000
var_135,float64,200000,0,0.0,140774,-4.2594721635,7.61773240002695,-31.3808,-20.254201000000002,-9.9571,-4.1119,1.12595,13.273403000000004,21.4128,0,0.0,0,0,False,False,0.004,1600000
var_136,float64,200000,0,0.0,156615,22.968601605000003,10.382235181447564,-9.9493,1.8297770000000002,14.9339,22.9483,31.042425,44.25650800000001,54.5794,0,0.0,0,0,False,False,0.003,1600000
var_137,float64,200000,0,0.0,144397,17.613651327499998,8.890515551770275,-9.851,-0.025901999999999998,10.65655,17.25725,24.426025,36.65890400000001,44.4376,0,0.0,0,0,False,False,0.004,1600000
var_138,float64,200000,0,0.0,117428,1.2107915105000002,4.551749924661015,-16.4684,-8.939900999999999,-2.011825,1.2117499999999999,4.391225,11.302510000000009,18.8187,4,0.002,0,0,False,False,0.0055000000000000005,1600000
var_139,float64,200000,0,0.0,137294,7.760193281,7.686433041484962,-21.2743,-9.925336,2.387575,8.06625,13.232524999999999,24.3496,36.0971,0,0.0,0,0,False,False,0.004,1600000
var_140,float64,200000,0,0.0,121384,3.423636422,4.896325049051112,-15.4595,-7.496201,-0.1217,3.5647,7.078525,13.217309000000009,21.1219,0,0.0,0,0,False,False,0.0045000000000000005,1600000
var_141,float64,200000,0,0.0,134443,2.8975962195,6.7156372677817116,-16.6937,-12.161004,-2.153725,2.9755000000000003,8.192425,16.101504000000006,23.9658,2,0.001,0,0,False,False,0.0045000000000000005,1600000
var_142,float64,200000,0,0.0,128613,11.983488539999998,5.6919356697454875,-7.108,-0.097105,7.9,11.8559,16.073925,24.660401,32.8911,0,0.0,0,0,False,False,0.004,1600000
var_143,float64,200000,0,0.0,94372,12.333697980499998,2.9347060178775024,2.8068,5.4791,10.3112,12.356349999999999,14.46105,18.5863,22.6916,0,0.0,0,0,False,False,0.0055000000000000005,1600000
var_144,float64,200000,0,0.0,40595,8.647631575,0.9224686019629761,5.4443,6.670199,7.968075,8.65185,9.315,10.662501,11.8101,0,0.0,0,0,False,False,0.0105,1600000
var_145,float64,200000,0,0.0,108526,4.8413275285,3.8992813082254445,-8.2734,-3.299308,1.885875,4.9047,7.676925,13.633301000000001,16.0083,1,0.0005,0,0,False,False,0.005,1600000
var_146,float64,200000,0,0.0,84314,10.3411778935,2.5188830594002747,0.4274,4.329593,8.6469,10.3956,12.113225,15.849405000000004,20.4373,0,0.0,0,0,False,False,0.006999999999999999,1600000
var_147,float64,200000,0,0.0,137559,-3.300779141,7.413301164524478,-29.984,-19.257701,-8.75145,-3.1787,2.028275,13.344,22.1494,3,0.0015,0,0,False,False,0.0045000000000000005,1600000
var_148,float64,200000,0,0.0,10608,3.9907256689999997,0.19919248665382974,3.3205,3.5408,3.8536,3.996,4.1316,4.4276,4.7528,0,0.0,0,0,False,False,0.029500000000000002,1600000
var_149,float64,200000,0,0.0,148504,5.2962367200000005,10.385132666379633,-41.1683,-17.672407,-1.9032,5.28325,12.688225,28.397736000000034,48.424,0,0.0,0,0,False,False,0.004,1600000
var_150,float64,200000,0,0.0,83660,16.817671237999996,2.4641573265531154,9.242,11.847196,14.9522,16.73695,18.6825,22.054802000000002,25.4357,0,0.0,0,0,False,False,0.0065,1600000
var_151,float64,200000,0,0.0,109667,10.1415415445,3.962425736723352,-2.1915,2.1451,7.0646,10.1279,13.0576,19.24191800000002,21.1245,0,0.0,0,0,False,False,0.005,1600000
var_152,float64,200000,0,0.0,95823,7.6331990005,3.0053733060295844,-2.88,0.5025,5.5679,7.6737,9.8173,14.016110000000008,18.3846,0,0.0,0,0,False,False,0.006,1600000
var_153,float64,200000,0,0.0,73728,16.727902175,2.0142004028560523,11.0308,12.424899,15.233,16.649749999999997,18.2639,20.979701000000002,24.0075,0,0.0,0,0,False,False,0.006999999999999999,1600000
var_154,float64,200000,0,0.0,119342,6.974954836999999,4.961677521622133,-8.1966,-4.1731,3.3399,6.99405,10.76635,17.140403000000003,23.2428,1,0.0005,0,0,False,False,0.0045000000000000005,1600000
var_155,float64,200000,0,0.0,127457,-2.074127825,5.771260979447042,-21.8409,-14.43262,-6.266025,-2.0661,1.89175,11.390201000000001,16.8316,2,0.001,0,0,False,False,0.0045000000000000005,1600000
var_156,float64,200000,0,0.0,40634,13.2092721235,0.9551402382737441,9.9965,11.3028,12.4751,13.1843,13.9293,15.267,16.497,0,0.0,0,0,False,False,0.0105,1600000
var_157,float64,200000,0,0.0,126534,-4.813551723000001,5.570271898728065,-22.9904,-16.299504,-8.93995,-4.8684,-0.988575,8.7177,11.9721,2,0.001,0,0,False,False,0.0045000000000000005,1600000
var_158,float64,200000,0,0.0,144556,17.9145905975,7.88557904670469,-4.5544,1.0408979999999999,12.1092,17.630450000000003,23.875325,34.6231,44.7795,0,0.0,0,0,False,False,0.0034999999999999996,1600000
var_159,float64,200000,0,0.0,112830,10.2232822765,4.122911757583156,-4.6416,1.306398,7.243525,10.21755,13.094525,19.466604000000004,25.12,0,0.0,0,0,False,False,0.0045000000000000005,1600000
var_160,float64,200000,0,0.0,156274,24.259300121,10.88026260683858,-7.4522,3.2054839999999998,15.696124999999999,23.8645,32.62285,47.202102000000004,58.3942,0,0.0,0,0,False,False,0.0034999999999999996,1600000
var_161,float64,200000,0,0.0,11071,5.633292535999999,0.21793832443527456,4.8526,5.1723989999999995,5.4705,5.6335,5.792000000000001,6.1141,6.3099,0,0.0,0,0,False,False,0.026,1600000
var_162,float64,200000,0,0.0,57396,5.3628964985,1.4196122766203698,0.6231,2.3395989999999998,4.3261,5.3597,6.3712,8.5871,10.1344,0,0.0,0,0,False,False,0.009000000000000001,1600000
var_163,float64,200000,0,0.0,123168,11.002169658,5.262055707897848,-6.5317,0.46049100000000004,7.0296,10.7887,14.6239,23.983902,27.5648,0,0.0,0,0,False,False,0.0045000000000000005,1600000
var_164,float64,200000,0,0.0,122744,-2.8719062954999997,5.457784265798272,-19.9977,-14.2772,-7.094025,-2.6378,1.3236,8.465601000000001,12.1193,0,0.0,0,0,False,False,0.0045000000000000005,1600000
var_165,float64,200000,0,0.0,119403,19.315753234,5.024182338487268,3.8167,8.1683,15.74455,19.2708,23.024025,30.125514000000013,38.3322,0,0.0,0,0,False,False,0.005,1600000
var_166,float64,200000,0,0.0,17902,2.9633350695000003,0.36968448363147105,1.8512,2.1081,2.699,2.9602,3.2415,3.7311,4.2204,0,0.0,0,0,False,False,0.0195,1600000
var_167,float64,200000,0,0.0,140954,-4.1511545325,7.798020114795947,-35.9695,-21.694301999999997,-9.6431,-4.0116,1.318725,12.599016000000015,21.2766,2,0.001,0,0,False,False,0.004,1600000
var_168,float64,200000,0,0.0,97227,4.9371239655,3.1059860688342766,-5.2502,-1.4364039999999998,2.7032,4.7616,7.0200249999999995,12.696201,14.8861,0,0.0,0,0,False,False,0.0055000000000000005,1600000
var_169,float64,200000,0,0.0,18242,5.636008345000001,0.36943691472514056,4.2588,4.8293,5.3746,5.6343,5.9054,6.4372,7.0889999999999995,0,0.0,0,0,False,False,0.0195,1600000
var_170,float64,200000,0,0.0,113720,-0.0049620605,4.424620831386273,-14.505999999999998,-9.294206,-3.2585,0.0028,3.0964,10.535310000000008,16.7319,5,0.0025,0,0,False,False,0.005,1600000
var_171,float64,200000,0,0.0,125914,-0.8317765935,5.378008476599145,-22.4793,-12.544108,-4.72035,-0.80735,2.9568,11.033110000000008,17.9173,1,0.0005,0,0,False,False,0.0045000000000000005,1600000
var_172,float64,200000,0,0.0,143366,19.817093824999997,8.674170633042968,-11.4533,0.857858,13.731774999999999,19.747999999999998,25.907725,39.47224600000004,53.5919,0,0.0,0,0,False,False,0.0045000000000000005,1600000
var_173,float64,200000,0,0.0,128120,-0.6779670025,5.966674135196558,-22.7487,-13.844600999999999,-5.009525,-0.56975,3.6199,11.792401000000002,18.8554,1,0.0005,0,0,False,False,0.0045000000000000005,1600000
var_174,float64,200000,0,0.0,134945,20.210676787999997,7.136426608066088,-2.9953,3.4268929999999997,15.0646,20.2061,25.641225000000002,34.667105,43.5468,0,0.0,0,0,False,False,0.004,1600000
var_175,float64,200000,0,0.0,92659,11.640612669500001,2.8921671725989326,3.2415,5.921398,9.3716,11.6798,13.7455,18.405603000000003,20.8548,0,0.0,0,0,False,False,0.006,1600000
var_176,float64,200000,0,0.0,142521,-2.799584682,7.513939064483401,-29.1165,-19.07321,-8.3865,-2.53845,2.7044,12.936701000000001,20.2452,0,0.0,0,0,False,False,0.004,1600000
var_177,float64,200000,0,0.0,85720,11.882933387500001,2.628894617727569,4.9521,6.7411,9.808675000000001,11.73725,13.9313,17.353806000000006,20.5965,0,0.0,0,0,False,False,0.006,1600000
var_178,float64,200000,0,0.0,145235,-1.0140635939999998,8.579810237462064,-29.2734,-19.113108,-7.3957,-0.94205,5.33875,17.089404000000005,29.8413,2,0.001,0,0,False,False,0.004,1600000
var_179,float64,200000,0,0.0,90090,2.59144367,2.7989563883536395,-7.8561,-3.330202,0.625575,2.5123,4.391125,9.70100900000001,13.4487,5,0.0025,0,0,False,False,0.006,1600000
var_180,float64,200000,0,0.0,123477,-2.7416661245,5.261242673760208,-22.0374,-13.747307999999999,-6.6739,-2.6888,0.9962,9.453001,12.7505,1,0.0005,0,0,False,False,0.0045000000000000005,1600000
var_181,float64,200000,0,0.0,56164,10.085518355,1.3718623281231723,5.4165,7.256298,9.0847,10.03605,11.0113,13.4712,14.3939,0,0.0,0,0,False,False,0.011000000000000001,1600000
var_182,float64,200000,0,0.0,149195,0.7191090935,8.96343406312899,-26.0011,-18.201503,-6.064425,0.7202,7.499175,19.326506000000006,29.2487,2,0.001,0,0,False,False,0.0034999999999999996,1600000
var_183,float64,200000,0,0.0,117529,8.7690875435,4.474923935994571,-4.8082,-0.6353209999999999,5.4231,8.6,12.127424999999999,18.426106000000008,23.7049,0,0.0,0,0,False,False,0.005,1600000
var_184,float64,200000,0,0.0,145184,12.756676406,9.318280283336756,-18.4897,-6.096707,5.6633,12.521,19.45615,33.96921100000001,44.3634,2,0.001,0,0,False,False,0.0045000000000000005,1600000
var_185,float64,200000,0,0.0,120747,-3.9832606965000004,4.725166882587791,-22.5833,-14.484902,-7.36,-3.94695,-0.59065,6.1164,12.9975,0,0.0,0,0,False,False,0.0045000000000000005,1600000
var_186,float64,200000,0,0.0,98060,8.970274164500001,3.1897594379444567,-3.0223,2.4024959999999997,6.7152,8.90215,11.1938,16.304101,21.7392,0,0.0,0,0,False,False,0.0075,1600000
var_187,float64,200000,0,0.0,157031,-10.335042613999999,11.574707800290483,-47.7536,-34.231903,-19.205125000000002,-10.20975,-1.466,14.12,22.7861,1,0.0005,0,0,False,False,0.003,1600000
var_188,float64,200000,0,0.0,108813,15.377174498999999,3.944604281951487,4.4123,6.911397,12.50155,15.23945,18.345225,23.756806000000005,29.3303,0,0.0,0,0,False,False,0.005,1600000
var_189,float64,200000,0,0.0,41764,0.7460716690000001,0.976347879403219,-2.5543,-1.3027009999999999,0.0149,0.7426,1.4829,2.7844020000000023,4.0341,3,0.0015,0,0,False,False,0.0095,1600000
var_190,float64,200000,0,0.0,114959,3.234439776,4.5599216799107305,-14.0933,-6.6359010000000005,-0.058825,3.2036,6.4062,13.525903000000003,18.4409,1,0.0005,0,0,False,False,0.005,1600000
var_191,float64,200000,0,0.0,94266,7.438408337000001,3.023271794723941,-2.6917,1.3384,5.1574,7.34775,9.512525,14.8011,16.7165,0,0.0,0,0,False,False,0.0065,1600000
var_192,float64,200000,0,0.0,59065,1.9278385139999998,1.4784228923366327,-3.8145,-1.2462039999999999,0.889775,1.9013,2.9495,5.361302000000002,8.4024,3,0.0015,0,0,False,False,0.0095,1600000
var_193,float64,200000,0,0.0,110557,3.3317736845000008,3.9920303679018323,-11.7834,-5.986603000000001,0.5846,3.39635,6.2058,11.922604000000003,18.2818,0,0.0,0,0,False,False,0.0045000000000000005,1600000
var_194,float64,200000,0,0.0,97069,17.993784183,3.1351619964266506,8.6944,11.150198,15.6298,17.957949999999997,20.396525,24.4686,27.9288,0,0.0,0,0,False,False,0.0055000000000000005,1600000
var_195,float64,200000,0,0.0,57870,-0.1420884335,1.4293723644083955,-5.261,-3.203203,-1.1707,-0.1727,0.8296,3.2173,4.2729,2,0.001,0,0,False,False,0.0085,1600000
var_196,float64,200000,0,0.0,125560,2.3033352435,5.454369250069262,-14.2096,-8.839802,-1.946925,2.4089,6.556725,13.9052,18.3215,1,0.0005,0,0,False,False,0.004,1600000
var_197,float64,200000,0,0.0,40537,8.9081576835,0.9216254844938545,5.9606,6.816799,8.2528,8.8882,9.5933,10.865101000000001,12.0004,0,0.0,0,0,False,False,0.0115,1600000
var_198,float64,200000,0,0.0,94153,15.870720248,3.0109454912217646,6.2993,8.562298,13.8297,15.93405,18.064725,22.142108000000007,26.0791,0,0.0,0,0,False,False,0.0065,1600000
var_199,float64,200000,0,0.0,149430,-3.3265369005000003,10.438015107352705,-38.8528,-26.192007999999998,-11.208475,-2.81955,4.8368,16.5391,28.5007,3,0.0015,0,0,False,False,0.0034999999999999996,1600000
